{
    "train_accuracies": [
        0.3109090909090909,
        0.6454545454545455,
        0.8127272727272727,
        0.850909090909091,
        0.9345454545454546,
        0.9272727272727272,
        0.9454545454545454,
        0.9872727272727273,
        0.9254545454545454,
        0.9654545454545455,
        0.9527272727272728,
        0.9618181818181818,
        0.9490909090909091,
        0.96,
        0.9618181818181818,
        0.9345454545454546,
        0.9709090909090909,
        0.9818181818181818,
        0.9745454545454545,
        0.9927272727272727,
        0.9963636363636363,
        0.9927272727272727,
        0.98,
        0.9945454545454545,
        0.9781818181818182,
        0.9727272727272728,
        0.96,
        0.9745454545454545,
        0.9963636363636363,
        0.9781818181818182,
        0.9672727272727273,
        0.9818181818181818,
        0.9963636363636363,
        0.9963636363636363,
        1.0,
        0.9981818181818182,
        1.0,
        0.9945454545454545,
        0.98
    ],
    "val_accuracies": [
        0.09420289855072464,
        0.8840579710144928,
        0.963768115942029,
        0.8623188405797102,
        0.9057971014492754,
        0.9565217391304348,
        1.0,
        1.0,
        0.9855072463768116,
        1.0,
        0.9927536231884058,
        1.0,
        1.0,
        1.0,
        0.8913043478260869,
        0.6594202898550725,
        1.0,
        1.0,
        1.0,
        1.0,
        1.0,
        1.0,
        1.0,
        1.0,
        0.9927536231884058,
        0.9782608695652174,
        1.0,
        1.0,
        1.0,
        1.0,
        0.9927536231884058,
        1.0,
        1.0,
        1.0,
        1.0,
        1.0,
        1.0,
        1.0,
        1.0
    ],
    "train_losses": [
        2.2579552082581955,
        1.1036529405008664,
        0.587394540309906,
        0.5212161733548749,
        0.21579268747348,
        0.2309790972314394,
        0.21757238628660244,
        0.04667587524659625,
        0.24261782520159614,
        0.11244601953261404,
        0.16340512486021908,
        0.12344380162977772,
        0.16689136005992622,
        0.1508629076631438,
        0.1323838245034639,
        0.2188084914114337,
        0.10196481105171187,
        0.05598113280831471,
        0.09312927008557546,
        0.021847708124733717,
        0.011738638969305942,
        0.02559379754741878,
        0.06861832603283056,
        0.020580788721155676,
        0.08378425545096764,
        0.09152871998710577,
        0.22875315323206077,
        0.08274925925673662,
        0.006480102163448629,
        0.09007985783899626,
        0.10674120223450122,
        0.05040547149134082,
        0.014046404369732438,
        0.017184994582797694,
        0.0008897233847299256,
        0.004534608945419982,
        0.0003945674606097782,
        0.022636770432840816,
        0.08961352331267418
    ],
    "val_losses": [
        5.741687878318455,
        0.39882501494814304,
        0.1411332719338437,
        0.39921652188227663,
        0.3005054701740543,
        0.2329911466711011,
        0.007205285827154327,
        0.0013534004721304223,
        0.042724481416107796,
        0.0015651136408042225,
        0.01888491069866691,
        0.007784902952978423,
        0.0014649130617311564,
        0.0018221075130510223,
        0.4439048025320036,
        1.7028599260509878,
        0.014807091731199762,
        0.0009617640620081806,
        0.0015239043564212109,
        0.0001386958987181871,
        0.00010024778399104375,
        0.004473011782549391,
        0.0037876666239450665,
        6.338216427514493e-05,
        0.02130818923736974,
        0.04691724397588936,
        0.006568336332589831,
        0.001955700594927595,
        5.5018539153545554e-05,
        0.000856817781335638,
        0.02302519651130954,
        0.0006037044071995837,
        0.00038930634526872893,
        0.0015141638637764022,
        0.0003607646270415569,
        0.004869128519832447,
        0.0008584149133465656,
        0.005449663967329444,
        0.009518451535748918
    ]
}